TARGET_CLASS,configuration_id,criterion,ctg_min_time_per_job,ctg_schedule,search_budget,p_object_pool,ctg_time_per_class,Size,Length,Total_Time,Random_Seed,LineCoverage,LineCoverageBitString,BranchCoverage,BranchCoverageBitString,ExceptionCoverage,ExceptionCoverageBitString,Explicit_MethodExceptions,Explicit_TypeExceptions,Implicit_MethodExceptions,Implicit_TypeExceptions,WeakMutationScore,WeakMutationCoverageBitString,OutputCoverage,OutputCoverageBitString,MethodCoverage,MethodCoverageBitString,MethodNoExceptionCoverage,MethodNoExceptionCoverageBitString,CBranchCoverage,CBranchCoverageBitString
system.controller.GameController,default,LINE;BRANCH;EXCEPTION;WEAKMUTATION;OUTPUT;METHOD;METHODNOEXCEPTION;CBRANCH,1,BUDGET,30,0.3,1,32,616,48392,1544195508317,0.6907894736842105,11111111111111111111111111111111111111111111111111111111111111111111111111110111111111111111110001111100000000000000000000000000011111000000000000000011,0.5384615384615384,1111100000000011100000000000111111011111001111111110,1.0,111111111,0,0,7,3,0.6200873362445415,1111111111111110000000000000000000000000000000000000111111111111111111000000000000000000000000000000000000011111111111111111111111111111111111111111111111111111111111111111111111000000000111111111111111111111111111111111101000111,0.5,10101010101010101010101010,1.0,11111111111111,1.0,11111111111111,0.5384615384615384,1111010000000011010000000000111111011111001111111110
