TARGET_CLASS,configuration_id,criterion,ctg_min_time_per_job,ctg_schedule,search_budget,p_object_pool,ctg_time_per_class,Size,Length,Total_Time,Random_Seed,LineCoverage,LineCoverageBitString,BranchCoverage,BranchCoverageBitString,ExceptionCoverage,ExceptionCoverageBitString,Explicit_MethodExceptions,Explicit_TypeExceptions,Implicit_MethodExceptions,Implicit_TypeExceptions,WeakMutationScore,WeakMutationCoverageBitString,OutputCoverage,OutputCoverageBitString,MethodCoverage,MethodCoverageBitString,MethodNoExceptionCoverage,MethodNoExceptionCoverageBitString,CBranchCoverage,CBranchCoverageBitString
system.controller.service.GameService,default,LINE;BRANCH;EXCEPTION;WEAKMUTATION;OUTPUT;METHOD;METHODNOEXCEPTION;CBRANCH,1,BUDGET,30,0.3,1,19,218,47402,1544194418156,0.45794392523364486,11111111000000000000000000000011111111111011111111111100000000000000000010000000000000001111110111111111011,0.3114754098360656,1111111111111110111010000000000000000000000000000000000000000,1.0,111111111,0,0,9,2,0.3782051282051282,111111111111111111111110011111111111111111011111111111011011100000000000000000000010000000000000000000000011000000000000000000000000000000000000000000000000,0.1518987341772152,0010010010010000000000000001011000000000000010010000000000000000000001000010010,1.0,1111111111111111,0.6875,1101111001011101,0.3114754098360656,1111111111111110111010000000000000000000000000000000000000000
