TARGET_CLASS,configuration_id,criterion,ctg_min_time_per_job,ctg_schedule,search_budget,p_object_pool,ctg_time_per_class,Size,Length,Total_Time,Random_Seed,LineCoverage,LineCoverageBitString,BranchCoverage,BranchCoverageBitString,ExceptionCoverage,ExceptionCoverageBitString,Explicit_MethodExceptions,Explicit_TypeExceptions,Implicit_MethodExceptions,Implicit_TypeExceptions,WeakMutationScore,WeakMutationCoverageBitString,OutputCoverage,OutputCoverageBitString,MethodCoverage,MethodCoverageBitString,MethodNoExceptionCoverage,MethodNoExceptionCoverageBitString,CBranchCoverage,CBranchCoverageBitString
system.controller.GameController,default,LINE;BRANCH;EXCEPTION;WEAKMUTATION;OUTPUT;METHOD;METHODNOEXCEPTION;CBRANCH,1,BUDGET,30,0.3,1,25,561,50088,1543855195247,0.6802721088435374,111111111111111111111111111111111111111111111111111111111111111111111110111111111111111110001111100000000000000000000000000011111000000000000000011,0.54,11111000000000111000000000001111111111001111111110,1.0,111111111,0,0,9,3,0.5916666666666667,111111111111111000000000000000000000000000000000000011111001111111111100000000000000000000000000000000000001111111111111111111111111111110110101100111111111001111111111111111111111111111111000000000111010111111111111111111111111111101000111,0.5,10101010101010101010101010,1.0,11111111111111,1.0,11111111111111,0.54,11110100000000110100000000001111111111001111111101
